x1,x2,class
0.7546744575677264,1.095744345042078,0.0
-3.989848848297112,-4.478029925710534,1.0
0.46308381639137836,0.38087987695934605,0.0
3.8955449233874777,-2.9766959680402407,1.0
0.09567000868611283,0.1558688064395353,0.0
-5.732148082832238,0.9613636516516335,1.0
0.4631490643632223,-0.4376445667873026,0.0
-1.3074614765107442,-3.248172432852418,1.0
-0.06265528554553244,-0.6423616644694754,0.0
-0.22268583391554103,-4.369807304519867,1.0
0.019135262312385916,-0.2963346249191226,0.0
-0.8766635855427771,-5.685361837948547,1.0
-1.3642677305911657,-1.3734924391096544,0.0
-1.9472074268120356,-5.091556398194806,1.0
-0.4206467219397895,-0.3267743641728224,0.0
-6.2450032982027475,1.2278790982378196,1.0
-1.3413156192442832,1.1720223751944958,0.0
-4.835526449689637,-1.3244692218795069,1.0
-0.1812596105401384,-0.1752695615554152,0.0
4.67012561745244,2.0326351361085844,1.0
-0.7401449649763219,-0.25155606748907794,0.0
2.6932882093704467,-3.3525915570222558,1.0
2.223868454381644,0.1763584545883047,0.0
-4.06585617120853,2.3298910837999083,1.0
-0.7948700105952717,-1.4772395105726528,0.0
3.743038810880239,-1.2908506459482616,1.0
-0.3218775806448277,-0.029941723941944606,0.0
-3.3049242008331623,-3.429510304339144,1.0
-0.5867233524100858,-0.838000716490681,0.0
3.2730669224134545,-5.138617380391543,1.0
-0.8683452324951415,-0.06729019392094836,0.0
-4.673137169474467,2.5173036938774587,1.0
-0.5160008352874742,0.722959176754229,0.0
-3.516520031261177,-2.6375955669213798,1.0
-0.748042841989171,-1.348737025489687,0.0
3.211232682054078,-3.0617668713328197,1.0
1.2584848748469888,1.0168121182036367,0.0
-2.218659388803846,-5.637696785049107,1.0
0.0700253279671537,-0.019423364294364753,0.0
-5.028542584759813,-1.1710705277896047,1.0
-0.25692430122062776,-0.19152674262155023,0.0
2.9887272214469007,1.868247809723665,1.0
-0.0167881723020358,-0.39894660922120895,0.0
3.8286763306837126,3.3501959515827138,1.0
-0.498082039639527,-0.273325382456547,0.0
-1.1744744745453912,5.142261951739903,1.0
0.3403858914669309,1.1670107970320247,0.0
-2.4463463384266007,-5.737006876433088,1.0
-0.5991571914071337,0.43812842124092327,0.0
-3.8974804152461244,1.1832070361393923,1.0
0.044258517679426436,0.1680948387525997,0.0
2.744471053658225,3.667068521792251,1.0
0.041635828647455235,-0.4242238372958261,0.0
-3.838957135935051,2.518593013668157,1.0
-0.5451745113654981,-0.3507321065138228,0.0
-4.949491676163483,-2.176003680579643,1.0
-0.32639278357249124,-0.690611956922002,0.0
2.092351151526142,-5.82486234001993,1.0
-0.24850403904917667,-0.18421321280628075,0.0
-0.9355140555553132,-3.7874759957144937,1.0
1.298661277599305,-0.6808789837501666,0.0
3.2433256834469972,-2.8584983014992043,1.0
0.008886644655160727,-0.3864919937159448,0.0
-5.594390682294606,-1.3637608343353127,1.0
0.33863791792775194,-1.1691487769502544,0.0
3.0261698845844562,2.5798697032769207,1.0
0.17255463045959923,0.20881188254162483,0.0
4.29947237800329,-2.409800827455249,1.0
0.957889600989737,-0.5115986646488822,0.0
5.0566745207725825,-0.42683832166889496,1.0
-0.2542148618132601,0.41262676650221924,0.0
2.6766053464598936,1.570130863622711,1.0
-1.4159092994661786,2.457268989387323,0.0
-4.70023045962519,5.373708498100535,1.0
-0.5324018465713756,0.5771308719639329,0.0
0.628437607209409,-3.5240376929243276,1.0
-0.5519010876402446,0.7828701311145432,0.0
-2.893346670761372,-2.7481199156926426,1.0
-0.3129577427762426,0.1486801719895109,0.0
-3.9670508743864557,-2.25853283801862,1.0
-0.051633809949214356,-0.20217357349823198,0.0
0.2616756952334328,-4.383444167617642,1.0
0.10998621005586315,0.020884596371620195,0.0
-4.578092428672804,-0.5285329504729316,1.0
-1.4203174646222272,-0.6988193501962472,0.0
-1.2484615350593602,5.1197745932468495,1.0
0.38671784539462306,0.2566213445150165,0.0
-2.76304740723533,2.3109581470021876,1.0
0.06373055743813476,0.17375161229052383,0.0
1.8791653711628746,-4.998134873586196,1.0
-0.10196535155980734,-0.09204781493451641,0.0
-3.048520448467576,-3.0510489370305933,1.0
-1.388235160297136,1.0982844205530353,0.0
4.237285768385617,-0.007209194247524308,1.0
-0.2923589366623862,-0.041031759147030965,0.0
0.10346643214019328,3.561503594268206,1.0
0.9622655565239847,-1.7050768388509954,0.0
2.7815002636353023,-3.586328837218105,1.0
0.2487546722089326,0.012690303838532402,0.0
1.322071496367795,4.160080979185512,1.0
0.05431387299356805,-0.02129140693209335,0.0
-2.999382787918331,4.793029602397803,1.0
-1.184793131994749,-1.464575328525881,0.0
4.372685791707199,0.7315811527953704,1.0
-0.9641707842095378,-0.1582709346221699,0.0
5.919178534191999,-2.2299434562105582,1.0
-1.6807562259154964,-0.4032772917751766,0.0
-3.3022543078808706,0.7886449080818149,1.0
0.28338031215169585,-0.08051827699630017,0.0
-2.2674391161583354,4.707352966619584,1.0
-0.9852141580252269,0.9837625928656979,0.0
4.567034309412261,-2.9942513955911076,1.0
0.5258482942723541,0.025511777330087904,0.0
-3.552794466814432,3.387499651587719,1.0
0.06110408664349834,-0.3946529536306093,0.0
-3.6149000354145056,-6.502318813802443,1.0
0.28887464908100735,1.2459655465547539,0.0
-3.8383002266575823,0.7930045504244627,1.0
0.5673124753355914,2.099593754056023,0.0
4.835549058089917,-0.11155796548809765,1.0
0.9608064322570576,-0.27392377814373675,0.0
1.621140968796741,-5.351518801621374,1.0
0.06505107235134505,0.022501816407361902,0.0
1.2707095496243628,3.7113441321574974,1.0
0.6257193477535639,-0.21470361487176254,0.0
3.007193911242934,1.540879302992944,1.0
0.7464126405513448,-0.49171766727885724,0.0
6.053244145241638,-0.6185142289474601,1.0
0.039261655091266806,0.26774214045908173,0.0
-3.1269482105245245,-2.2064939010810636,1.0
-0.09749454381345476,0.08325486436196816,0.0
2.88740784553957,2.7739770862771795,1.0
0.11897246338670198,-0.26565744118343465,0.0
1.0185343243465503,-3.608728726510043,1.0
-0.06288212114143768,0.2741568262190214,0.0
-0.3449034317820573,4.049218136529951,1.0
0.15310570143321486,0.17117673929653685,0.0
-0.41867884859819693,5.867584304626038,1.0
0.056016820504916964,-0.022160361183516695,0.0
3.8663676908130697,-0.7066706785005936,1.0
0.21638474977002498,0.41999564664866973,0.0
-4.327458364439571,-2.0935877787479673,1.0
-2.887847334729797,-0.11666799561819424,0.0
-6.254977248418184,-2.1423345593386633,1.0
-0.6030266057188877,-0.5799611650920578,0.0
-2.855309266633109,1.143680384252342,1.0
0.4606367698451977,-0.8781585012273668,0.0
4.5535700685300515,2.0310525267552197,1.0
0.2381735841236923,-0.2380383099573933,0.0
1.4091849744217269,-3.4959950083864437,1.0
-0.9344900022372018,0.11861993032451101,0.0
-5.117874098059733,-0.23351805063323147,1.0
1.6378813160426322,0.35512801856189574,0.0
-4.49879882585495,1.1816952601135247,1.0
0.5655378014083299,2.153042266079278,0.0
-6.287884619059148,1.397718142400923,1.0
-0.02301701831583015,0.01539321100470854,0.0
-4.440323201966779,1.8381145533925285,1.0
-0.749955583738477,0.13758955900048073,0.0
2.222975241920837,3.222036401200689,1.0
-0.2191793922368127,0.10223632269156088,0.0
-4.292511922452226,0.9680733756205084,1.0
0.20153314193107477,-0.4100838145830757,0.0
-0.46942440799752844,-3.839165866458988,1.0
0.024138159499697092,0.008101881287167066,0.0
-2.7575841715865317,4.612473293481592,1.0
-0.46723051275387506,-0.4072774512421617,0.0
-0.9540492867362708,-6.659408160900137,1.0
-0.9978997111094295,-1.2195366227958764,0.0
3.7109635456297987,-3.4523159851219294,1.0
-0.1574197275253751,-0.12339253136706457,0.0
3.5292796705823206,1.9267280967536078,1.0
0.013559624911950266,-0.513698312507868,0.0
-4.086520809673557,1.2338506607018465,1.0
-1.4146001369862842,1.177553871160406,0.0
4.760086171824868,-0.021767431549550725,1.0
0.0012814267684275412,0.3514168567927015,0.0
3.0706789359089894,4.457491971203047,1.0
-1.2528546818689597,0.8812313193329266,0.0
-1.1233257601012712,2.9450906206994767,1.0
0.6110412126893294,-1.1585074889777736,0.0
0.8470447721887374,3.689797621354094,1.0
-0.43861344969082044,-1.0815511523357506,0.0
4.936728544955694,0.028523849605845492,1.0
0.07537827147547325,-0.049636305589326045,0.0
3.044552335661045,-2.256489011757486,1.0
-0.3555095276062836,0.03635384315376443,0.0
-2.038190408260449,5.8979916281771665,1.0
-0.33349553805255033,-1.20849059266021,0.0
3.2383124736970523,-4.055041109891961,1.0
-0.03997977031790616,0.10181249206050895,0.0
-4.687099256761802,-1.6193435558154654,1.0
-0.8314271053918122,0.7796587906218454,0.0
2.2733385124574625,4.657214217027214,1.0
-0.49258856524151784,0.9229741988874975,0.0
3.651436268495888,-4.901708311221158,1.0
0.6062575164813562,-1.329519916908306,0.0
4.272539629574085,-1.2488393665384638,1.0
0.14193655121335783,-1.0483350780178469,0.0
-4.074679753407289,-2.4935143328968836,1.0
-0.8956261650149566,2.044959822764743,0.0
-2.6801543757020285,4.07335850704932,1.0
-0.14503008579141347,-1.617642661470184,0.0
3.0376212918348644,3.318011786380549,1.0
-0.026211286430941734,-0.0023642108910245986,0.0
4.429626353388581,2.043407225740622,1.0
0.1376123453296791,-0.06366884362959253,0.0
5.810225122910853,-0.043358016231044454,1.0
-0.2288862693809502,-0.20476337056540356,0.0
2.5475689120013443,3.6290000047065183,1.0
0.07011571957188696,0.16838208134761853,0.0
-0.5784250170442068,5.190641168222194,1.0
0.20806668586245144,-1.3838576196093344,0.0
3.7065256977545875,-3.3404655973929187,1.0
-0.5889825426067427,1.2692683876584065,0.0
3.3895694913483116,-2.7054925841017,1.0
1.179687515918451,-0.16191194534384282,0.0
1.9845478874465035,4.553735695715859,1.0
0.4447949643605634,0.19865306212601955,0.0
-3.621724325727163,1.0139349473981853,1.0
0.07737709914664417,-1.3751400978067723,0.0
-3.3037341773277795,-4.099925590076503,1.0
0.025770445033577758,0.1141934355278343,0.0
-2.566392358552188,-2.4440345887011796,1.0
-0.4813639985276966,-0.718603879459481,0.0
4.0531190061965745,0.33462784616162383,1.0
-0.3621530583763265,-0.7315232154666408,0.0
1.6472034863357659,-5.0292566734653175,1.0
-0.1926852843212375,0.13602618863011925,0.0
-5.292059223036134,-0.9287298177562417,1.0
1.224435507167965,-0.2981874630882058,0.0
5.70552782970943,1.4853161571999574,1.0
0.32831340390287256,0.8601299364059246,0.0
4.008207287407312,-3.698308937028062,1.0
0.22282180579236713,0.006063312878676085,0.0
-2.2159758945144468,-4.630567034330978,1.0
0.1849174593554969,0.24567920489115658,0.0
-5.145707223225203,-2.724415011661701,1.0
-0.4120994140589848,-0.04466509753513103,0.0
4.901899473861053,1.0855917396439505,1.0
-0.008122707827503453,-0.7849361564550054,0.0
-4.083522328918664,4.062175233720379,1.0
0.6244338389365098,0.49959707406330683,0.0
-0.3612220385257784,4.603499843896331,1.0
-0.2502038666018434,0.10933206524704127,0.0
0.1342155671474499,-4.734783788155338,1.0
0.20477461452745777,0.45693522871717696,0.0
4.628588737574893,-0.9416263839248639,1.0
0.1176100926489183,-1.3540361863595562,0.0
4.3076392254393285,3.1544697371622963,1.0
0.1478462750894727,-1.3440156718214387,0.0
0.4209067793866377,-4.526649253116486,1.0
-0.07546998608831176,0.4034969389216338,0.0
2.1688421243351024,-3.7678247364846,1.0
0.30792492475047134,-0.21501904234774422,0.0
-2.699614927193934,-3.6252512844236846,1.0
0.5678532236558155,0.4673214030086262,0.0
2.1165528698619718,-3.724041581177373,1.0
-0.052710418335955876,0.007930976387835938,0.0
-4.385333986289369,-2.7718451090788205,1.0
-0.018730099980510274,0.0010277105104895623,0.0
-1.230138687359235,6.3938643161091875,1.0
-0.02656253869955478,0.031138984832297222,0.0
3.369441372237127,3.961347582033941,1.0
-0.4418152927359354,0.8129134865887191,0.0
5.131785932538392,-1.1631167638395874,1.0
-0.5252888086694063,-0.39135269950691287,0.0
0.9339098380207167,-3.6259074343318867,1.0
-0.30543537174020224,0.5132585268180244,0.0
3.972331048459485,-3.454545726628159,1.0
0.13913172825991782,-0.7391018461497102,0.0
-4.832081713951612,2.08279553560717,1.0
0.09485528327798326,-0.17424898061031405,0.0
4.442097703562415,4.468196840002943,1.0
0.029816568968386834,-0.06646052538870674,0.0
2.409946759235678,3.1284502063387674,1.0
-0.3970899092261481,0.5459887930869359,0.0
3.338213732456266,-2.9727548538992035,1.0
0.05853993568019932,0.5569734048455882,0.0
3.4326455285901294,-2.473952044317083,1.0
0.05814836196906844,0.9523089598730473,0.0
0.9571705028867638,4.671965701360213,1.0
-0.9036971570788572,0.45488283091087867,0.0
-1.4154531435096438,2.622753618854087,1.0
-0.19950070016110572,-0.10306650129334681,0.0
1.9117372777907442,5.059681053164424,1.0
0.8293659764257608,-0.013619912135377759,0.0
-1.7136484903015603,4.62928674858627,1.0
0.026179322811357292,-0.03396339977085096,0.0
-0.9027538969115914,5.313972944047224,1.0
0.16529684622903723,-0.6575475422971695,0.0
-3.417198210800879,2.6680819914177403,1.0
1.7637136556068107,-1.5418573936740267,0.0
5.838125814366747,-0.5475712397104089,1.0
0.6687502723227684,-1.4793104534931116,0.0
1.2012402592696427,3.255391024246453,1.0
0.08683129557407238,1.6724154473195005,0.0
0.37684530121730825,-4.6656793005772315,1.0
-0.6904978976541176,-0.22198021853843689,0.0
-4.711790726432443,1.5682376938904636,1.0
0.43496761918102206,0.26000539961111274,0.0
-4.9892661677784815,1.8173951073237458,1.0
0.9001395321077247,-2.0266285213825252,0.0
-4.331319341073322,-1.4214036527190537,1.0
-0.00888532467678418,-0.011331017593869598,0.0
5.107749233671323,-4.382895068640847,1.0
0.24630799105981946,-0.2686386224147391,0.0
-1.4102796953426893,-4.221553565798026,1.0
-0.9616084544836588,1.1788958373007918,0.0
2.3250789460309376,-4.507541009807776,1.0
0.30364231183615475,-0.7875037791348143,0.0
3.570556448776947,-1.1125168641849694,1.0
1.1187056510863564,-0.6570170607545078,0.0
3.900246535379706,-3.0008902873871066,1.0
-0.8680235199289613,1.6063644138755073,0.0
4.974405074892261,-0.5537326210712192,1.0
-0.44547793791600016,1.3619761694941743,0.0
-2.1196223983921074,4.879840524035527,1.0
-0.008043233029796633,0.007139094079891697,0.0
-3.4380562364452114,-4.017248885033046,1.0
0.7587072863221993,0.12154796567549564,0.0
-4.102236646427759,3.4092811611068026,1.0
0.29664626477123573,-2.4924058700355345,0.0
-0.08607908908893212,-4.568261677513857,1.0
-0.056200233652147394,0.10226186912146078,0.0
-3.6325247960042617,-2.8877879898664687,1.0
-0.03409667320703536,0.0011730917083193127,0.0
1.9593146623143405,-5.36439135916719,1.0
-2.8078622639143163,-0.9438859986205487,0.0
-3.985928188357137,2.2484362163026117,1.0
-2.2835987466059042,-0.785762924609269,0.0
4.096214296953145,-2.2201832275340165,1.0
0.04700660756475054,0.09606398907094862,0.0
-1.3779046044405416,4.3593727350300755,1.0
-1.403960057033104,-0.3698015487399641,0.0
-2.1590749759296477,-2.264445833946337,1.0
-0.8082030400827868,1.0641327355946004,0.0
-2.0394845260850847,5.511211628605097,1.0
-0.049803507207241936,-0.8497742706272862,0.0
1.2136182805283688,-5.321166214858877,1.0
0.9635421968093609,-0.581275461049216,0.0
-2.657352982194197,2.7468364894339103,1.0
2.515877146496623,-0.1780622026186045,0.0
-3.3880752344230523,0.5049284599920457,1.0
0.08857653051043396,0.07237362841766365,0.0
0.7992189559788343,-5.790563151193722,1.0
0.33482341954671985,-0.3472110181982097,0.0
5.759087135670387,-1.7379679958884806,1.0
-1.6254399316228028,-0.41944349464464087,0.0
5.294472112154857,3.537862448410819,1.0
1.3017506172325413,-0.28101095975589097,0.0
4.346971690315156,-2.576715210815312,1.0
-0.9637999866609936,1.1220627090427115,0.0
0.30374265371276954,4.381279558236332,1.0
0.34922693854849846,-0.9199072205134989,0.0
4.2072371317815165,-2.4144543646611414,1.0
-0.20941002852463736,-0.18295942413728822,0.0
5.97194006894819,-0.611792560052963,1.0
0.2779510983968329,-0.35380587324820867,0.0
3.421307742449688,5.365004188003768,1.0
0.03212765802271515,0.17714125302617564,0.0
2.3979875014671026,4.083180790869512,1.0
1.3952689276827461,-0.18583194562178457,0.0
-3.0467614364084525,2.005139903501227,1.0
0.46206271252326814,0.7168676247528469,0.0
-5.088503708842942,2.2363437671642044,1.0
0.09543158247293088,0.590067865031961,0.0
3.1619234702410397,-1.7336758395266774,1.0
0.17153347059241725,-0.12688228771428203,0.0
4.86238430717145,-1.5319852178126883,1.0
-0.6999026334508502,-0.19930141780324498,0.0
3.130339250790507,-4.47546365402559,1.0
0.3762456175670841,-0.08900576274229781,0.0
-3.778220946984729,0.6029214003291753,1.0
-0.22148499690142467,-0.4509683129404145,0.0
4.034680272496198,-1.309199577564603,1.0
0.590658503759011,0.5111676484816896,0.0
-4.165579665212844,4.121897205273096,1.0
0.045813792449180234,-1.1784798438808277,0.0
0.18752817761506008,3.3106229110996885,1.0
0.7468432205585604,-1.1634508784902764,0.0
0.09693353394329027,-5.527423800771547,1.0
-0.24903228083269036,-0.10393721178140887,0.0
0.06914021272909734,-4.220233066617333,1.0
-0.04209623104709445,-0.6662776374737152,0.0
-0.4693305703253817,-4.785939208690444,1.0
1.7719510465766575,-1.8238114188702281,0.0
-4.290911021828716,4.328836119994698,1.0
0.6231325215441931,-0.38481775546258146,0.0
-3.6594363920043786,2.971940277600193,1.0
-0.17268525739796461,0.05662600129576497,0.0
0.39837541376222385,5.620271891008501,1.0
0.9197766291661192,0.42148002065761225,0.0
-2.8247630858229886,-5.612720572160493,1.0
-0.4070708242857238,1.6056823273394458,0.0
-5.2733490553732105,2.3024964878366423,1.0
0.870395170493204,0.30461486163624485,0.0
0.9426219047721331,-2.4963595604240516,1.0
0.06082485261818334,-1.4627360048172804,0.0
4.166439657477418,-3.9368196120749244,1.0
0.8064237730930985,0.6940840633707446,0.0
-4.073356930161491,3.280849064373593,1.0
-1.381886474069151,0.1285897211743781,0.0
-5.651727739965382,-5.3345273000498015,1.0
0.1450701595498726,0.5201040464654625,0.0
0.0653483074143652,-5.307442766335833,1.0
0.0659116700570883,-0.13305212608994837,0.0
-6.61091150472982,0.3104922738307126,1.0
-0.12673778650396075,0.0736545209281946,0.0
-0.7876280862142241,-5.8508724937298835,1.0
0.17807485327381242,-0.23086676009238855,0.0
4.6053339749127655,3.716692296023256,1.0
-1.3766401766780476,-1.8720243680730875,0.0
-0.007750846110847955,2.865116056571145,1.0
0.049827451177682995,0.030305459463385736,0.0
-4.997815222288185,-0.9485599060037243,1.0
1.6926657544296613,0.8402255862661691,0.0
-5.057736421143275,-3.428550183430561,1.0
-0.1728890802789654,0.47432530921948907,0.0
-2.545740356617712,4.701044672913551,1.0
-0.8868549415757248,-0.8624393302412294,0.0
-4.568484727655065,-1.7985762269700047,1.0
0.15177852662366917,0.2828549868022621,0.0
-3.4872505880191604,2.966199950870938,1.0
-0.864757363395635,0.6312778058906457,0.0
-3.3066171575116106,3.8414422952889495,1.0
-0.6068557178438813,0.3460234336001187,0.0
-2.1928243204541387,-5.949093911279987,1.0
-0.43246466052676397,0.09917370503767992,0.0
5.964552483205115,0.23232661001996519,1.0
-0.2168876396622998,-0.2136110304558265,0.0
-3.7129371166523617,-2.84870936975927,1.0
-0.3998802234626383,-1.2660509042372377,0.0
-3.0671415777133157,5.007097735538908,1.0
0.6603195471159102,-0.05546033827173873,0.0
-3.1422583660895413,6.603461261005575,1.0
0.2653659207064234,-1.6397001524437482,0.0
0.5450291952025897,6.238045213052782,1.0
0.031200061276656678,-0.023325926821458533,0.0
0.49897113499408846,3.4953212826573425,1.0
-0.26146343507937536,-0.3829087915985661,0.0
-1.0372309273584834,-5.931899495490623,1.0
0.18338428398802625,-0.5126990699818944,0.0
5.10770164082972,3.0519847536227216,1.0
-0.07112046250043627,-0.39072009259475465,0.0
1.8005323348090854,2.7632487461356052,1.0
0.5270224328605208,-0.43176712081551477,0.0
-0.6426854595794316,5.704118037070061,1.0
-0.8059944821069858,0.5946021320698435,0.0
6.269953510810058,2.4066427820916543,1.0
-0.0034522294088621093,0.022809873667788187,0.0
2.8638836395358944,5.029496657633422,1.0
-0.950951524511332,0.6629592135916511,0.0
-3.514238684772396,-5.075269386223918,1.0
0.06060296252071516,-0.08128399830492447,0.0
-5.300803264108691,-1.4716237784551105,1.0
0.40889888044633504,-0.0935679514437254,0.0
2.1940296377996082,-3.710427160441396,1.0
-0.0006015884565647463,-0.11798650090862728,0.0
-5.949172747918595,3.016611211012347,1.0
-0.21535038431620646,1.440436948057765,0.0
-1.6558989415402348,4.561508358799773,1.0
0.036202760687580986,-0.01112195453431598,0.0
-0.9069280029790688,3.8344472197011106,1.0
0.17814914940839707,0.08624748547436231,0.0
3.620882424801017,2.0759927380805476,1.0
0.5502595231294183,-0.013956871189809952,0.0
5.558714504173504,-4.595289157861608,1.0
0.2140238876353043,-0.26594094552146424,0.0
4.638131797868851,-1.0367781730082386,1.0
0.006516689115310791,0.015503960810213834,0.0
0.5645155984012251,4.078996659550209,1.0
0.15680124556476177,0.467974474917029,0.0
5.314901006328297,2.0642184306681517,1.0
0.1381519556735926,-0.3926690874136823,0.0
-4.565684111285708,-0.5269408671744843,1.0
-0.563007791070901,0.2493892610465147,0.0
5.747944695578664,1.0671739513100982,1.0
-0.19852259689433396,0.5731110657616357,0.0
0.43311638520844653,-3.3877274094544103,1.0
-0.05859058554066401,-0.09280130610556832,0.0
-0.5023656381950589,4.778096220464395,1.0
-1.0238883843175772,0.4312432710567227,0.0
3.6056402360367246,-1.0893385053902715,1.0
-0.18555151878642434,0.781085399552093,0.0
3.3323175296913217,2.5357350874441593,1.0
2.382483610840842,0.4392734304755252,0.0
-0.05979862097910033,-4.5220689101097395,1.0
-0.08860417310490268,-0.007391807385533329,0.0
1.730675184251294,-4.857744500342977,1.0
1.1060968637172868,0.20558500313841852,0.0
-5.451953903712746,0.40503181228096796,1.0
-0.7520865053868656,0.8092630398085842,0.0
-6.840578053479946,-0.5170064589128364,1.0
-0.7616497918585792,-0.5730994371374187,0.0
-0.7793586345547027,-4.4057129032496425,1.0
-1.120224710881666,-0.7689863512317879,0.0
4.0958932895413245,-2.700243266074979,1.0
0.6118864011104388,-0.07335530883496758,0.0
4.9234054519239026,-0.5926681857641312,1.0
0.16766245183782857,0.3905058424036378,0.0
-2.7570278498925047,-4.8801395442571955,1.0
-0.338307187200218,-0.03535051320022139,0.0
-4.999764693185465,-1.0773041221698354,1.0
0.15609849883167767,1.9097415165854297,0.0
1.0392621532582613,-4.038768592095768,1.0
0.8452710701002445,-0.9605108296117844,0.0
4.541426650303446,3.237153807248054,1.0
-0.12243286856867708,0.3344889735607967,0.0
-3.6402271269445756,-1.015959393500034,1.0
-2.0605704572459738,-0.07097454716597991,0.0
-5.015850790914719,3.196564127941028,1.0
-0.1125858099943262,-0.5111977232287185,0.0
2.557795427035221,3.1270949475186214,1.0
-0.18143187145395517,-0.31547539275950237,0.0
0.9275346805002438,2.733559646981622,1.0
-0.8409018353323183,-0.637979209068866,0.0
5.6929739610282315,0.6836812912880341,1.0
0.22873531204489064,-1.2347782070360473,0.0
3.9657949021463588,-2.7462571289052993,1.0
0.15170660308559195,-0.9078992335282686,0.0
-5.436036803208853,-0.18368121636180135,1.0
-0.017292917124181125,-0.31863710101871845,0.0
1.817389780741768,-5.249583222928144,1.0
1.025940841288395,-0.19892073464550708,0.0
-4.54860923281441,1.417056657538268,1.0
0.3324486703858927,0.47867794879324976,0.0
3.73567800186449,0.479533048836813,1.0
-0.5238282197402742,-0.2920914127434378,0.0
3.2402440355081374,-5.576880566431248,1.0
-0.006045075458332576,-0.2103671968509291,0.0
0.2746376950694503,-4.807385644020769,1.0
-0.04139357661476724,0.2368455647263368,0.0
3.7511962194873485,1.9106508612121853,1.0
-0.39985467478595044,1.7722479040703976,0.0
-4.044418841580733,-1.5744685834121517,1.0
0.015503178996424793,-0.012610683427531064,0.0
0.9665497234695097,-4.777758299055246,1.0
-0.3106575649179682,0.37644232236692327,0.0
-5.84901060794469,-3.6681089641013678,1.0
0.2950193879484622,0.3268458115890473,0.0
1.5261977621244074,3.624934769273106,1.0
-0.2249884394747681,0.06918091221167937,0.0
-5.5269001363491315,1.0011478147563584,1.0
-0.30527612992889075,0.30545040417476343,0.0
6.805049548048084,1.1104260552935812,1.0
0.9433765512343398,-0.008633273374632997,0.0
3.7316377524626723,1.5201215991896142,1.0
0.8265659770524298,-0.8945766461914099,0.0
2.906028711975648,1.6234613003596574,1.0
0.001371627206434771,0.4461979321542198,0.0
-3.7742923083982776,-2.7805308593663667,1.0
0.4148699936921466,-0.6108690445627696,0.0
4.646562306536206,-4.363303727300483,1.0
-0.8880681244432688,1.8910442763683726,0.0
-1.809932143128753,4.439722151453415,1.0
-0.032430119748681686,0.017458590438669316,0.0
4.022251457939232,-3.8319118376790393,1.0
-0.15532288165160482,0.026233528176101466,0.0
3.1891029086063067,3.2073389948565056,1.0
-0.46970080840928796,-0.2559398628121532,0.0
-3.5646275752389736,-1.7729167135079966,1.0
-0.9679807965598348,-0.394227603227407,0.0
1.2797249506093986,-6.248020621752618,1.0
1.6082131434789895,1.1120986838723326,0.0
4.572831330370513,-0.7699964826809019,1.0
1.0038225019934652,0.0230317398315538,0.0
-0.5666480303124996,5.626089126480051,1.0
-0.19565598045652224,-0.221971222587166,0.0
3.769987540661846,-4.188780814999648,1.0
1.8406571701771872,-0.398735420588546,0.0
-4.301644683981047,2.8363309894783786,1.0
0.5201724653071977,0.40904091068972337,0.0
0.11185729114379758,4.857214381792683,1.0
0.16871604656020786,-0.11305399736182963,0.0
-4.940448020341653,-4.561925252329451,1.0
0.1085573311082691,0.09153043750995811,0.0
-3.4726775151959393,-6.672575572631698,1.0
0.6795157250085468,0.7005879968084656,0.0
-0.4914694375387477,5.356385255021599,1.0
0.3348011802614576,0.6546986358524509,0.0
-7.486755929984663,-0.8164744504728831,1.0
0.3563174200378687,0.07678958440808858,0.0
1.8024185752956827,2.9996691231767847,1.0
-0.25507760255231293,1.0056894022147755,0.0
0.07210908605087045,3.514112075471044,1.0
-0.6169693250060342,-0.9436700226896829,0.0
6.909560267977143,0.24439769023600036,1.0
1.1215271004200207,0.17573002257894563,0.0
-2.804929704374226,-3.2128970374269517,1.0
0.7891520290387238,0.01720119165991481,0.0
-2.2157541792734885,-3.849759627449578,1.0
-0.14889094964918692,-1.524473508517738,0.0
1.7728327609790488,4.887624772980815,1.0
1.4274049779071865,-0.6493454857651946,0.0
-2.224182004238376,-2.873645850347674,1.0
2.276324648399044,-0.714261397253796,0.0
1.573387257701762,3.199737605183026,1.0
-0.040750823386343005,1.0259341640583557,0.0
5.2688947854725035,-0.7291230722884782,1.0
0.09213837342954667,0.035766135469736525,0.0
-1.6910517678523012,-4.743649325911558,1.0
0.6102898179659342,-0.46541838999478485,0.0
1.1200705617757736,6.0092706311937985,1.0
-0.5225135826821719,0.18387386886766147,0.0
-3.3361678357003455,1.5100313801552148,1.0
0.1707679145856114,0.41726195888830686,0.0
-4.008130257522576,-3.7584428184410177,1.0
-0.9566252133119693,1.1047658423951034,0.0
-1.0570255600444123,-3.156879674414061,1.0
0.711613456680018,-0.821286537498638,0.0
-1.627076334615565,-6.759826161723033,1.0
0.6444237849848404,0.42634244316401143,0.0
1.4914879023412093,3.8024297989067253,1.0
-0.47493558697115495,0.6114320848317256,0.0
-1.962090149872536,-4.272270935419109,1.0
-0.5156368024417911,0.9280759707475922,0.0
2.3342963674989314,-2.917084808352881,1.0
-0.016045685186534233,0.07472330773860102,0.0
4.007184510926353,-0.44020787828217767,1.0
-0.15217316153199298,0.6093756907326795,0.0
2.016113547892795,-3.2782117175708247,1.0
-0.07439432827685967,-0.8982279087882993,0.0
-6.000061041459784,2.081876242546091,1.0
0.052826326261119355,0.253620060366047,0.0
-0.0536806983764706,5.160682634767579,1.0
-0.30453449372758135,0.4697124929998858,0.0
-2.7834918462554072,-3.654976518609734,1.0
0.44763400309470447,0.210687521589156,0.0
-4.088244514416524,-4.288435397954099,1.0
0.002540938259916049,-0.0512203721798962,0.0
5.725565805022712,-1.0702767955147852,1.0
0.046465689585183816,0.9428850271617876,0.0
-0.6646134307258342,5.568620811644372,1.0
-1.6361081122844474,0.89176920713344,0.0
-0.9128246455485323,5.817896660675511,1.0
0.04306009344487827,0.046159847196606214,0.0
5.795323479545622,-2.8706803457442893,1.0
-0.5902021007145817,-2.9649187395872176,0.0
-5.531054256224827,0.9822285670485719,1.0
-0.12615085943684806,0.49757074280922836,0.0
4.02444265290784,-2.294591947330259,1.0
-0.26665947184991945,1.4506962525747642,0.0
-2.787666709038013,-3.3538606169301493,1.0
0.5545898578505966,-0.48851170551700496,0.0
5.290780301948138,-0.13309820674140793,1.0
-0.46617810403278775,-0.1375393421010182,0.0
2.0536707397570346,-4.768027267132563,1.0
1.1878107173436407,-0.14849112266161518,0.0
0.5291295228601401,-4.057886322784074,1.0
-0.05272040432616069,0.06450483478260502,0.0
1.4479416937450729,4.644556063789046,1.0
0.47666077756712705,-0.3613252859341982,0.0
-3.1995363420819096,-0.5025849177422543,1.0
0.002543488841418824,0.11761732104415926,0.0
-2.7378624284905517,-0.0031434955189804897,1.0
-0.0530890250881985,0.4880224996377854,0.0
-4.278020082859479,0.10357381730421776,1.0
0.09293754589030379,0.7880044107777517,0.0
-4.702043005451949,2.5388364516836357,1.0
0.41318021984977155,-0.01648436506794296,0.0
3.8231284486882164,-0.6528937473558514,1.0
-0.2804042430064342,0.38262203405792067,0.0
-4.239677403779379,1.5335613554025427,1.0
-1.9244934361049388,-0.42128358498445095,0.0
-2.403191820064784,4.409222553659074,1.0
0.39488492429564914,0.37632541897298777,0.0
-4.318091657222284,0.780587054026691,1.0
1.5489921730581206,0.016460793930379695,0.0
-2.9930878733899586,4.112811166823882,1.0
0.23333507335218204,-0.08169825205347618,0.0
-1.3734198835495273,3.986182319206374,1.0
0.7226439779826173,-0.47376110374748487,0.0
-3.892277193576354,-1.9997279278285318,1.0
-0.4892588316073007,0.6111207854937714,0.0
-3.474811039930865,2.496601233640082,1.0
0.2365532696199154,1.5334946555789428,0.0
4.031792656922684,-2.291551436660747,1.0
0.3519092055234546,0.803279801452532,0.0
2.4424571001527497,3.575428211875033,1.0
-1.091321830054572,0.13567804603842978,0.0
0.08947422842553933,-4.221642461991432,1.0
0.08140187634182311,-1.1966442418523913,0.0
-2.5925343572022377,3.537114301694342,1.0
-0.6617871111292363,-1.1790519635044858,0.0
1.9461226020637978,4.7422898533282805,1.0
-0.6406686357818027,-0.4417314520295163,0.0
5.500308067393263,-2.033554372494684,1.0
-0.3185061723718447,0.13160322044836772,0.0
4.074354011069143,-0.07970309122875055,1.0
0.14126137782374298,-1.9353826427229635,0.0
-0.5852167885024567,4.892235437301484,1.0
1.575907531185566,-0.5596882882870525,0.0
-1.5989427375597391,-1.3204051520489666,1.0
0.01785078345219384,-0.011554870038673878,0.0
2.9048360016704087,-0.459762232006373,1.0
-1.172693387009007,0.86686557356036,0.0
-4.702170458544997,3.5082279745624563,1.0
1.215551192878452,-0.37743056734023483,0.0
6.591035726282652,-1.1900700143448772,1.0
-0.1481084435291495,-0.004631428747884809,0.0
-0.4910786087544555,-3.540793597026361,1.0
-0.3416411084391987,0.2505296403238774,0.0
4.905330218303421,-2.2987700807621034,1.0
0.4309819581265551,-0.047592829417294265,0.0
-2.9733841916310713,-3.396365137414409,1.0
0.6487680906307147,0.26967237097794255,0.0
3.30364758136091,-2.108966053811435,1.0
-0.06992677891744178,0.0492034157790931,0.0
-4.887345911868567,1.189643041249776,1.0
-0.7335323696566548,2.3179170877520274,0.0
1.8886437163505916,-5.09392940233745,1.0
0.16817702890946837,0.12760686774968447,0.0
3.49797772374067,-2.9361576822703706,1.0
1.1725297549532079,0.3502337260737295,0.0
-0.2211487499805629,-5.859887492598172,1.0
0.18838983165959558,0.6153636595551626,0.0
2.1928112852186588,-3.5095208972621785,1.0
0.10361578593023295,-0.6268785827559004,0.0
-4.500104226419693,2.2925131283996576,1.0
-0.6281061798284845,0.9658875074056907,0.0
3.4310289672327374,-1.543872999058534,1.0
0.75590063018796,-1.3678383003115493,0.0
6.668698261475732,1.0204188465284565,1.0
-0.9060177077242413,0.41585675317832005,0.0
-3.4495216055395006,-3.6667571816151874,1.0
0.2505054428957738,0.38439405239287944,0.0
-2.2568040206271585,-2.6159128781495182,1.0
0.034823060535355985,-0.17747951282434904,0.0
5.654155679100149,0.4985820735298626,1.0
-0.4861575370753407,0.6791322076792695,0.0
-1.5499590128511294,-5.121569369934332,1.0
-0.03678488416414334,0.7519240156689271,0.0
-0.388882300791002,4.409836113816993,1.0
0.5371153272096684,0.5682636957766287,0.0
6.5513717585392,1.3414780640298911,1.0
0.6842262309677027,0.2686640157224831,0.0
-5.314979563033746,2.464090172146635,1.0
-0.1519182672557057,0.15744183240037035,0.0
-2.0891864308773482,-2.06250712353543,1.0
-0.13915362364829606,-0.5611018901806346,0.0
4.0138364758386755,-1.5800742477617624,1.0
-0.2204382054334808,-0.004619178583496957,0.0
-3.5878495015843077,-5.026125373860318,1.0
-0.4245901852256384,0.04627411457378028,0.0
-4.393409165948771,2.608628071544254,1.0
0.08940972742789641,0.6174236324476959,0.0
-2.2328565952724877,4.132422231546867,1.0
0.5933221663261062,-0.2175512586995695,0.0
-2.8301613323191646,3.523422171275165,1.0
-0.280993269560219,0.7706717262791588,0.0
0.7011435093913242,-7.11960478574684,1.0
0.7987932916393066,0.12002022569704078,0.0
-0.6590901582012715,-5.3336758026306414,1.0
1.8673933758851344,-1.4857271010750241,0.0
6.457132571699366,3.0209049777047654,1.0
-0.3229811829646973,-0.2117807812961652,0.0
-5.337796293390369,-2.00677305517012,1.0
0.4861163129469471,-0.00791463371451694,0.0
5.468330618439804,0.35955019506322927,1.0
0.4488939417798189,-1.0227187395329924,0.0
-4.184556350832376,-0.6247411459162279,1.0
0.8562110998737522,1.627911894479979,0.0
-4.5311476230629255,3.686454408604535,1.0
-0.7282194363575516,0.5909516083616003,0.0
4.152409299094654,-1.728894656167902,1.0
0.0949233041407754,-0.1170001202195366,0.0
3.8792174800685078,0.029803852647111256,1.0
-0.7968953536009101,0.29035202800403215,0.0
-4.4246778297551375,-0.2429557824227619,1.0
-0.08667616521428821,-0.15264926632513962,0.0
0.139766836992832,-5.228317515643479,1.0
-0.31299151249381674,-1.6166229140172612,0.0
1.0126418730270594,5.971111233318659,1.0
-1.0221023447587403,0.34760975476386924,0.0
0.12516347565383254,-6.669102385484858,1.0
-0.03533456314076859,0.17682956321412407,0.0
-1.5628547633628485,-3.904251129917601,1.0
0.12799220194854385,-0.5409841311088242,0.0
-3.751518928653876,-3.6904423856939643,1.0
-0.7001100282881481,-1.3516209487587507,0.0
5.543981286573265,2.3770014658519307,1.0
0.734060447069926,-0.7622223604651782,0.0
4.5626010686659555,1.4953334786182246,1.0
-0.20864944948216596,0.02621913783311834,0.0
4.093097232038935,-2.314040657436806,1.0
-0.06546974384646327,0.11178946694625848,0.0
5.101981708963115,4.584200915546855,1.0
0.32555658687316896,-1.312580783279844,0.0
-1.5971711274744684,-3.65621800056311,1.0
1.320112956302871,-0.07899414745683155,0.0
-4.1081017727168225,-2.413525652692431,1.0
0.0540156212526523,0.08374859253044849,0.0
4.729165709684378,-2.4434575035739936,1.0
-0.7446907926994771,0.2869692833984749,0.0
-2.969504655986332,-3.0284489387663704,1.0
0.026669227914585505,-0.04418883052636967,0.0
-0.9970197860728962,-4.402479069829338,1.0
-0.083825910713957,-0.3785851029238929,0.0
2.8296160798116707,-0.3698555628384634,1.0
0.3093877873393485,0.021857308714090428,0.0
4.6798333281485585,1.2489935009660564,1.0
0.15614180979906309,0.047013722330968996,0.0
-5.621837696742166,0.6276421773554836,1.0
-0.039047529861960195,-0.07057638348706596,0.0
2.013481032860828,0.7762650165620247,1.0
0.46464865704547786,0.10745437970694366,0.0
-3.8846730423467166,-5.24753683603961,1.0
0.1733625387158332,0.34219524786665617,0.0
-7.024661288436614,-2.6648571598080313,1.0
-0.6380862490447041,-1.320968632013022,0.0
1.6256637881395568,-4.157850096214142,1.0
-0.046628804313020446,0.00041460545167603215,0.0
3.658830592042815,-4.323044723508772,1.0
0.04746017663015708,0.39763818557907066,0.0
-2.3683794973959134,2.7499997837069854,1.0
0.039482858732439896,0.0641911956845903,0.0
0.6169815260077507,-4.860215364635074,1.0
0.028840915486601754,-0.0701303581151113,0.0
-6.302555064660073,0.5470745144622705,1.0
0.667330710675286,0.6885092821055622,0.0
0.7977113886424069,3.8888167431378817,1.0
1.1429769791891518,1.0840608471802193,0.0
-3.311971333107297,4.833422688684879,1.0
-0.3163248443645751,-0.5115434858274617,0.0
3.8741831844311556,0.716502564082917,1.0
-0.005312877165325877,-0.002854791414208621,0.0
2.7976358209794765,2.1720714410397632,1.0
-1.1041348399889859,0.72960273608733,0.0
3.694354482705255,4.516928180752563,1.0
-0.13447111738370576,-0.1751142301451324,0.0
-5.3301996930918785,-3.5705258958088986,1.0
-0.03425865593295564,-0.4167572116149999,0.0
4.660682242182169,-1.4246356292028637,1.0
0.027959011677071637,-0.6528694092369307,0.0
-2.3089242318744128,-5.245140099265358,1.0
-1.504786768306359,-0.09484565897194522,0.0
-4.224042742931105,2.2213874504935003,1.0
-1.9585810458681094,0.5442543180801015,0.0
2.1915740525045972,-3.242869735494485,1.0
-0.2552922510130894,-0.3770173433802568,0.0
5.755142301958713,-0.5400394326203344,1.0
0.07101230751500938,1.1182944732842803,0.0
3.6060372669978875,3.929857688392886,1.0
-0.9627393011391241,-0.10389451964812295,0.0
-2.250549224530459,-4.989235144250357,1.0
-0.2600987466344646,0.057646288194374166,0.0
-3.412023477331467,4.28438110829484,1.0
-0.16772084315743865,-0.23556850732688145,0.0
-0.5606428656941098,-4.987978791477864,1.0
0.6971951975358571,0.49601677315241793,0.0
0.23994897316883645,-4.18851373917789,1.0
-0.6056266447514158,-0.012876313494359321,0.0
1.8673875108800007,2.966703593382763,1.0
-0.08736488646690017,-0.16436116827877584,0.0
-0.8643507324268825,5.348869333745875,1.0
0.01350760685567813,-0.0543856545282859,0.0
4.327205033889897,-0.7905544256403367,1.0
1.2256876614936851,0.7754915721446001,0.0
0.2678636374945314,-3.9053796543274966,1.0
-0.996844583768515,-1.5928156212220654,0.0
6.789570827233009,0.6207512242387945,1.0
0.0866647269500591,-0.24488756544143528,0.0
1.743156946399175,-4.549379596571787,1.0
-0.7954102363716499,1.5899347423111472,0.0
-0.26184573449623816,6.1074235941032535,1.0
0.7773124125231985,1.178155005096838,0.0
-4.962668530735907,-1.7871958590670265,1.0
0.0899112835173183,0.4259061534582868,0.0
0.15158638191285745,4.959415790870046,1.0
-0.7124821684388571,1.040577093282256,0.0
1.9149054308615265,3.896208127396659,1.0
1.7843928570301844,-0.19373492760596198,0.0
-3.3663735963584904,-5.664193243417724,1.0
0.3221981356701083,0.4139445067914789,0.0
5.875016344947069,-3.9637911774078,1.0
-2.241178772218762,-0.8446182323690908,0.0
-5.152895667144305,1.2373300851985047,1.0
0.2572467355714371,0.11203849902589473,0.0
3.7626953981621956,2.050960527412903,1.0
0.5479071595710859,-0.2097774898826129,0.0
-4.611602443327038,-3.7789491608003245,1.0
0.24519309170044537,-0.41713993121728055,0.0
-3.313273444581895,4.9217376993287845,1.0
0.18222835557318795,-0.0897352249303318,0.0
-2.420445312688446,4.046240870052725,1.0
-0.17940899385652448,0.3549011213003897,0.0
-2.618420282160779,-5.901949931335971,1.0
0.43023951457433685,0.19636154615066578,0.0
-2.918504033365079,3.3303845151701057,1.0
0.2928080505866868,-0.13263698135099766,0.0
4.4673771242597775,0.8587141142298573,1.0
-1.491327350099663,0.12733054964874455,0.0
2.075284493950157,-5.865841419218129,1.0
-0.7176773942794565,1.7404561137793157,0.0
5.887936103600244,-1.4612411495310864,1.0
-1.604598526712815,-0.1949737943767112,0.0
5.310604892027542,1.7138277146267202,1.0
1.2688170661608427,0.14063778030312732,0.0
-4.669498581194289,3.894207798628903,1.0
-0.020009724397012568,-0.0697549249270847,0.0
-4.390835186765564,0.2638245532259313,1.0
1.0517951670145937,-0.5487245716655597,0.0
-3.6169146653509148,-0.9389652979720815,1.0
-0.4266114919782751,-0.43107254433792686,0.0
0.7065681494817491,4.772292427022039,1.0
0.0032347932717517545,-1.4467935528267877,0.0
-3.5337313669275483,3.419509212647737,1.0
-0.37382290296939513,-0.2360429466131993,0.0
5.333204135432113,-0.7128027753457219,1.0
-0.38922304655760886,-0.5440930818368963,0.0
2.2789879492871368,-4.360375922826382,1.0
-1.587146747930614,-1.1555284857693846,0.0
-2.4073345952461733,1.8376790427049192,1.0
-1.5548448232011085,0.9679409556268456,0.0
-0.8930774601171281,6.02713923110683,1.0
0.06473339468147658,-0.0230487656435885,0.0
-2.1538997653552356,4.112752366309101,1.0
0.662449551294041,1.02174251562882,0.0
4.220985545908052,-0.9380130678837815,1.0
-0.9869395294433573,-0.6032325708726396,0.0
4.410314402892614,0.4241700152537603,1.0
-0.8986306926591582,0.648165804903366,0.0
-2.3839524753747945,6.463963053831544,1.0
-0.1579185585913046,-0.09480819245576828,0.0
-5.5030607028656675,0.6488747234001,1.0
-0.6334962890889734,0.27779467446795936,0.0
1.4304283004069325,-5.340243153396514,1.0
1.452336581903165,0.3249866894453544,0.0
-1.2468432674275123,4.589673842364438,1.0
0.6105305488797359,0.39102392362741395,0.0
-1.3451288810157709,-3.8565666511846315,1.0
-0.20069243106702764,-0.765472851079913,0.0
5.005757442006304,-2.92819425671602,1.0
0.129713880547141,-1.1207118768728153,0.0
6.239993132162806,-1.2474327532686862,1.0
-0.34617852977534785,-0.02038316532957289,0.0
-3.687569887041422,1.385077343594964,1.0
0.08175624207940986,-0.0968208009254934,0.0
0.749824077162883,3.9775396064841364,1.0
1.4768438926926604,-2.0865704412151866,0.0
-4.690590245107658,0.6598607467659926,1.0
-0.007980928216729266,-1.1193305641220563,0.0
4.937343193871642,-0.4863445660956854,1.0
0.26666457577930464,0.6126076992420323,0.0
5.626142993661901,-1.5259851755078435,1.0
-0.7618889490168717,-0.7030322972239493,0.0
2.704219342516496,5.13116205880858,1.0
1.6491276068970766,0.6253039473142031,0.0
4.789868329833043,3.904044920766411,1.0
-1.3353916220971906,0.40386349353389717,0.0
-0.47361533849784887,3.6147308597297187,1.0
0.1330449072091037,-0.008147689526379596,0.0
-1.4207494291871527,-4.16126227832087,1.0
1.2524787444234466,0.4139492298527283,0.0
3.1500137260989955,4.28519659966081,1.0
0.5418058354242264,1.0101471649515659,0.0
3.4101717603428816,-1.2697232495666688,1.0
0.03245799791871148,0.19690091603506077,0.0
-3.7010679611243265,-3.1584358724307826,1.0
0.655152191484153,0.9181826719304583,0.0
-3.3570646036045164,3.8192040812083703,1.0
-0.5903786853646928,0.6790939574621985,0.0
0.5512100987860958,2.3726324990124987,1.0
0.14342575959666065,0.13588260316200446,0.0
4.27984837729783,-1.5833303869708777,1.0
-0.6261885267175642,0.8099935366439306,0.0
-2.6531783454598026,-3.312751937706502,1.0
-0.4098556731316181,0.622738123684454,0.0
-2.582366326832572,3.43375335912685,1.0
0.4915178925278372,0.2425923033992751,0.0
-4.611496920023414,0.29029696431097357,1.0
1.3699396395065901,-0.383771186768528,0.0
1.25768121332497,-3.890857598407488,1.0
-0.22125189606191104,0.7909481747661794,0.0
5.315169563206204,0.3569456112235938,1.0
0.2591916364992943,-0.1850945250103164,0.0
4.923669726559331,0.751342885532029,1.0
-1.1370176246633903,0.046501812886573096,0.0
1.2545156267511877,3.1076055464656327,1.0
0.3769955886924511,-0.5322704592718241,0.0
-4.886664397907825,0.6125787989891462,1.0
0.22284371355411048,-0.46920659417761335,0.0
-2.0273981008504522,-3.6243772404798724,1.0
-0.2882906657166998,-0.44084466373243036,0.0
0.33479784542340274,-5.305584030776733,1.0
1.1156220038066462,-0.7645928528099383,0.0
-0.7732514541834086,-4.755761794745163,1.0
0.36984459531505415,0.9893288025380588,0.0
5.796061175650858,-3.2274983798510815,1.0
0.08968148986835278,-0.14599133933363334,0.0
-1.6272865100760188,5.311935273466856,1.0
0.9665377637031771,-0.6633383331320646,0.0
0.4336630480955724,-3.9185799863086506,1.0
1.533119069951447,0.23840275170360137,0.0
-3.118055139029998,-4.019477826461446,1.0
-1.1504048552866395,0.5678158949414406,0.0
-1.2305087926642213,-5.229272074822369,1.0
-0.5807976921675904,-0.13341837607192433,0.0
-0.6622678622169063,-4.534009543947716,1.0
